{"cameraMode":{"drawMode":0,"name":"Shaded","section":"Shading Mode"},"sceneLighting":true,"audioPlay":false,"sceneViewState":{"showFog":true,"showMaterialUpdate":true,"showSkybox":true,"showFlares":true,"showImageEffects":false,"showParticleSystems":true},"in2DMode":false,"pivot":{"x":401.1358642578125,"y":542.3466796875,"z":-837.9989013671875},"rotation":{"x":0.1274619847536087,"y":-0.000004781307779921917,"z":6.702752131104717e-8,"w":0.9918454885482788},"size":70.71067810058594,"orthographic":false}